"Bilbao BBK live"	"Alt-J"
"Bilbao BBK live"	"Ana Curra"
"Bilbao BBK live"	"Aneguria"
"Bilbao BBK live"	"Anteros"
"Bilbao BBK live"	"Anthony Naples"
"Bilbao BBK live"	"Avalon Emerson"
"Bilbao BBK live"	"Bad Gyal"
"Bilbao BBK live"	"Bejo"
"Bilbao BBK live"	"Ben UFO"
"Bilbao BBK live"	"Benjamine Clementine"
"Bilbao BBK live"	"Bomba Estéreo"
"Bilbao BBK live"	"Borrokan"
"Bilbao BBK live"	"Carolina Durante"
"Bilbao BBK live"	"Cecilia Payne"
"Bilbao BBK live"	"Childish Gambino"
"Bilbao BBK live"	"Cigarettes After Sex"
"Bilbao BBK live"	"Cooper"
"Bilbao BBK live"	"Cora Novoa"
"Bilbao BBK live"	"Daniel Baughman"
"Bilbao BBK live"	"Daniless"
"Bilbao BBK live"	"Dark DJ"
"Bilbao BBK live"	"David Byrne"
"Bilbao BBK live"	"Dekmantel Soundsystem"
"Bilbao BBK live"	"DJ Fra"
"Bilbao BBK live"	"DJ Mato"
"Bilbao BBK live"	"Ed Is Dead (live band)"
"Bilbao BBK live"	"Edu Anmu"
"Bilbao BBK live"	"Fat White Family"
"Bilbao BBK live"	"Fischerspooner"
"Bilbao BBK live"	"Florence + The Machine"
"Bilbao BBK live"	"Friendly Fires"
"Bilbao BBK live"	"Gaz Coombes"
"Bilbao BBK live"	"Gengahr"
"Bilbao BBK live"	"Gorillaz"
"Bilbao BBK live"	"Greenclass"
"Bilbao BBK live"	"HAL9000"
"Bilbao BBK live"	"Hot Chip Megamix"
"Bilbao BBK live"	"Hunee"
"Bilbao BBK live"	"Innmir"
"Bilbao BBK live"	"Iseo & Dodosound"
"Bilbao BBK live"	"James"
"Bilbao BBK live"	"Joe La Reina"
"Bilbao BBK live"	"John Talabot"
"Bilbao BBK live"	"Jungle"
"Bilbao BBK live"	"Las Odio"
"Bilbao BBK live"	"Let’s Eat Grandma"
"Bilbao BBK live"	"Lukiek"
"Bilbao BBK live"	"María Arnal i Marcel Bagés"
"Bilbao BBK live"	"Melenas"
"Bilbao BBK live"	"Meute"
"Bilbao BBK live"	"Mexrrissey"
"Bilbao BBK live"	"Modeselektor"
"Bilbao BBK live"	"Morgan"
"Bilbao BBK live"	"Mount Kimbie"
"Bilbao BBK live"	"Neuman"
"Bilbao BBK live"	"Nilüfer Yanya"
"Bilbao BBK live"	"Noel Gallagher"
"Bilbao BBK live"	"Nunatak"
"Bilbao BBK live"	"Optimo"
"Bilbao BBK live"	"Parquet Courts"
"Bilbao BBK live"	"Pet Fennec"
"Bilbao BBK live"	"Porches"
"Bilbao BBK live"	"Prosumer"
"Bilbao BBK live"	"Quentin Gas & Los Zíngaros"
"Bilbao BBK live"	"Rock Nights"
"Bilbao BBK live"	"Rural Zombies"
"Bilbao BBK live"	"Samo DJ"
"Bilbao BBK live"	"Skatebård"
"Bilbao BBK live"	"Sophie"
"Bilbao BBK live"	"Temples"
"Bilbao BBK live"	"The Chemical Brothers"
"Bilbao BBK live"	"The XX"
"Bilbao BBK live"	"The Zephyr Bones"
"Bilbao BBK live"	"Triángulo de Amor Bizarro"
"Bilbao BBK live"	"Yonaka"
"Bilbao BBK live"	"Young Fathers"
"Bilbao BBK live"	"Young Marco"
